F1 cross,Female no.,No. of embryos,A,AB,B,WT,All A,A %,All B,B %,B+WT,Total,Notes
SDA-500x(2288:2073),,,,,,,,,,,,,
,1,88,0,4,0,0,4,100,4,100,0,4,
,2,87,38,33,0,1,71,98.61111111,33,45.83333333,1,72,
,3,75,32,29,0,0,61,100,29,47.54098361,0,61,
,4,94,43,43,0,1,86,98.85057471,43,49.42528736,1,87,
,5,145,57,57,5,5,114,91.93548387,62,50,10,124,
,6,0,-,-,-,-,-,-,-,-,-,-,Dead female
,7,183,36,29,3,3,174,99.42857143,87,49.71428571,6,175,
,8,158,88,86,1,0,18,100,7,38.88888889,1,18,
,9,163,11,7,0,0,140,100,68,48.57142857,0,140,
,10,0,-,-,-,-,-,-,-,-,-,-,Dead female
,11,158,72,68,0,0,140,100,68,48.57142857,0,140,
,12,98,26,36,0,1,62,98.41269841,36,57.14285714,1,63,
,13,0,-,-,-,-,-,-,-,-,-,-,Dead female
,14,193,66,34,0,0,100,100,34,34,0,100,
,15,97,46,42,0,0,88,100,42,47.72727273,0,88,
,16,131,53,48,0,0,101,100,48,47.52475248,0,101,
,17,0,-,-,-,-,-,-,-,-,-,-,
,18,143,77,58,0,1,135,99.26470588,58,42.64705882,1,136,
,19,77,38,19,0,0,57,100,19,33.33333333,0,57,
,20,78,37,24,1,0,61,98.38709677,25,40.32258065,1,62,
,21,60,21,28,0,1,49,98,28,56,1,50,
,22,157,52,56,13,11,108,81.81818182,69,52.27272727,24,132,
,23,160,4,8,1,0,12,92.30769231,9,69.23076923,1,13,
,24,75,16,19,9,8,35,67.30769231,28,53.84615385,17,52,
,25,83,40,35,1,1,75,97.4025974,36,46.75324675,2,77,
,26,105,55,46,0,0,101,100,46,45.54455446,0,101,
,27,116,-,-,-,-,-,-,-,-,-,-,Eggs didn't hatch
,28,94,44,44,2,0,88,97.77777778,46,51.11111111,2,90,
,29,78,42,32,0,0,74,100,32,43.24324324,0,74,
,30,119,38,35,1,1,73,97.33333333,36,48,2,75,
,31,88,44,36,0,0,80,100,36,45,0,80,
,32,122,55,35,0,0,90,100,35,38.88888889,0,90,
,33,114,58,46,0,2,104,98.11320755,46,43.39622642,2,106,
,34,0,-,-,-,-,-,-,-,-,-,-,
,35,82,37,29,1,0,66,98.50746269,30,44.7761194,1,67,
,36,40,-,-,-,-,-,-,-,-,-,-,Eggs didn't hatch
,37,168,90,68,0,0,158,100,68,43.03797468,0,158,
,38,0,-,-,-,-,-,-,-,-,-,-,
,39,70,-,-,-,-,-,-,-,-,-,-,Eggs didn't hatch
,,,,,,,,,,,,,
,,,,,,,,,,,,,
(2288:2073)xSDA-500,,,,,,,,,,,,,
,1,0,-,-,-,-,-,-,-,-,-,-,DNBF
,2,0,-,-,-,-,-,-,-,-,-,-,DNBF
,3,0,-,-,-,-,-,-,-,-,-,-,DNBF
,4,0,-,-,-,-,-,-,-,-,-,-,DNBF
,5,0,-,-,-,-,-,-,-,-,-,-,DNBF
,6,0,-,-,-,-,-,-,-,-,-,-,DNBF
,7,0,-,-,-,-,-,-,-,-,-,-,DNBF
,8,0,-,-,-,-,-,-,-,-,-,-,DNBF
,9,0,-,-,-,-,-,-,-,-,-,-,DNBF
,10,0,-,-,-,-,-,-,-,-,-,-,DNBF
,11,0,-,-,-,-,-,-,-,-,-,-,DNBF
,12,0,-,-,-,-,-,-,-,-,-,-,DNBF
,13,0,-,-,-,-,-,-,-,-,-,-,DNBF
,14,0,-,-,-,-,-,-,-,-,-,-,DNBF
,15,0,-,-,-,-,-,-,-,-,-,-,DNBF
,16,0,-,-,-,-,-,-,-,-,-,-,DNBF
,17,0,-,-,-,-,-,-,-,-,-,-,DNBF
,18,0,-,-,-,-,-,-,-,-,-,-,DNBF
,19,0,-,-,-,-,-,-,-,-,-,-,DNBF
,20,0,-,-,-,-,-,-,-,-,-,-,DNBF
,21,0,-,-,-,-,-,-,-,-,-,-,DNBF
,22,0,-,-,-,-,-,-,-,-,-,-,Dead female
,23,0,-,-,-,-,-,-,-,-,-,-,Dead female
,24,84,-,-,-,-,-,-,-,-,-,-,Eggs didn't hatch
,25,0,-,-,-,-,-,-,-,-,-,-,
,26,0,-,-,-,-,-,-,-,-,-,-,Dead female
,27,0,-,-,-,-,-,-,-,-,-,-,Dead female
,28,99,-,-,-,-,-,-,-,-,-,-,Eggs didn't hatch
,29,0,-,-,-,-,-,-,-,-,-,-,Dead female
,30,0,-,-,-,-,-,-,-,-,-,-,Dead female
,31,0,-,-,-,-,-,-,-,-,-,-,DNBF
,32,0,-,-,-,-,-,-,-,-,-,-,DNBF
,33,0,-,-,-,-,-,-,-,-,-,-,DNBF
,34,0,-,-,-,-,-,-,-,-,-,-,DNBF
,35,0,-,-,-,-,-,-,-,-,-,-,Dead female
,36,0,-,-,-,-,-,-,-,-,-,-,DNBF
,37,0,-,-,-,-,-,-,-,-,-,-,DNBF
,38,0,-,-,-,-,-,-,-,-,-,-,DNBF
,39,0,-,-,-,-,-,-,-,-,-,-,DNBF
,,,,,,,,,,,,,
,,,,,,,,,,,,,
,,,,,,,,,,,,,
,,,,,,,,,,,,,
,,,,,,,,,,,,,
,,,,,,,,,,,,,
SDA-500x(2073:2288),,,,,,,,,,,,,
,1,100,46,45,1,0,91,98.91304348,46,50,1,92,
,2,85,41,40,0,0,81,100,40,49.38271605,0,81,
,3,131,63,52,0,0,115,100,52,45.2173913,0,115,
,4,188,95,84,0,1,179,99.44444444,84,46.66666667,1,180,
,5,95,46,43,0,0,89,100,43,48.31460674,0,89,
,6,90,46,40,0,0,86,100,40,46.51162791,0,86,
,7,162,21,23,0,1,44,97.77777778,23,51.11111111,1,45,
,8,127,56,55,0,0,111,100,55,49.54954955,0,111,
,9,32,13,15,1,0,28,96.55172414,16,55.17241379,1,29,
,10,192,9,18,0,0,27,100,18,66.66666667,0,27,
,11,130,64,52,0,1,116,99.14529915,52,44.44444444,1,117,
,12,178,31,25,0,0,56,100,25,44.64285714,0,56,
,13,161,82,71,3,0,153,98.07692308,74,47.43589744,3,156,
,14,126,57,49,1,0,106,99.06542056,50,46.72897196,1,107,
,15,166,93,63,0,1,156,99.36305732,63,40.12738854,1,157,
,16,154,61,54,1,0,115,99.13793103,55,47.4137931,1,116,
,17,125,25,8,-,-,-,-,-,-,-,-,Most of the larvae were dead
,18,157,42,59,2,0,101,98.05825243,61,59.22330097,2,103,
,19,130,70,60,0,0,130,100,60,46.15384615,0,130,
,20,63,32,28,0,0,60,100,28,46.66666667,0,60,
,21,44,14,20,1,0,34,97.14285714,21,60,1,35,
,22,128,60,59,1,1,119,98.34710744,60,49.58677686,2,121,
,23,20,6,10,0,0,16,100,10,62.5,0,16,
,24,157,17,16,0,0,33,100,16,48.48484848,0,33,
,25,98,42,54,0,0,96,100,54,56.25,0,96,
,26,171,85,78,0,0,163,100,78,47.85276074,0,163,
,27,83,42,40,0,0,82,100,40,48.7804878,0,82,
,28,26,1,4,0,0,5,100,4,80,0,5,
,29,152,70,65,1,0,135,99.26470588,66,48.52941176,1,136,
,30,0,-,-,-,-,-,-,-,-,-,-,Dead female
,31,100,32,45,0,0,77,100,45,58.44155844,0,77,
,32,161,52,58,1,1,110,98.21428571,59,52.67857143,2,112,
,33,164,60,43,0,0,103,100,43,41.74757282,0,103,
,34,162,-,-,-,-,-,-,-,-,-,-,"Dead female, eggs didn't hatch"
,35,85,30,37,0,0,67,100,37,55.2238806,0,67,
,36,0,-,-,-,-,-,-,-,-,-,-,
,37,60,27,27,2,0,54,96.42857143,29,51.78571429,2,56,
,38,7,1,2,0,0,3,100,2,66.66666667,0,3,
,39,61,21,13,1,1,34,94.44444444,14,38.88888889,2,36,
,40,0,-,-,-,-,-,-,-,-,-,-,
,41,47,26,19,0,1,45,97.82608696,19,41.30434783,1,46,
,42,0,-,-,-,-,-,-,-,-,-,-,DNBF
,43,3,2,0,0,1,2,66.66666667,0,0,1,3,DNBF
,44,0,-,-,-,-,-,-,-,-,-,-,DNBF
,45,0,-,-,-,-,-,-,-,-,-,-,DNBF
,,,,,,,,,,,,,
,,,,,,,,,,,,,
(2073:2288)xSDA-500,,,,,,,,,,,,,
,1,0,-,-,-,-,-,-,-,-,-,-,Dead female
,2,108,1,0,0,0,1,100,0,0,0,1,
,3,2,-,-,-,-,-,-,-,-,-,-,Dead female
,4,0,-,-,-,-,-,-,-,-,-,-,
,5,0,-,-,-,-,-,-,-,-,-,-,
,6,20,-,-,-,-,-,-,-,-,-,-,Eggs didn't hatch
,7,0,-,-,-,-,-,-,-,-,-,-,Dead female
,8,45,-,-,-,-,-,-,-,-,-,-,Eggs didn't hatch
,9,0,-,-,-,-,-,-,-,-,-,-,Dead female
,10,39,19,17,0,0,36,100,17,47.22222222,0,36,
,11,0,-,-,-,-,-,-,-,-,-,-,Dead female
,12,4,-,-,-,-,-,-,-,-,-,-,Eggs didn't hatch
,13,112,12,8,0,0,20,100,8,40,0,20,
,14,73,38,30,0,0,68,100,30,44.11764706,0,68,
,15,0,-,-,-,-,-,-,-,-,-,-,Dead female
,16,0,-,-,-,-,-,-,-,-,-,-,
,17,68,-,-,-,-,-,-,-,-,-,-,Eggs didn't hatch
,18,0,-,-,-,-,-,-,-,-,-,-,
,19,0,-,-,-,-,-,-,-,-,-,-,
,20,0,-,-,-,-,-,-,-,-,-,-,Dead female
,21,0,-,-,-,-,-,-,-,-,-,-,Dead female
,22,17,-,-,-,-,-,-,-,-,-,-,Dead female
,23,0,-,-,-,-,-,-,-,-,-,-,Dead female
,24,82,15,6,0,0,21,100,6,28.57142857,0,21,
,25,0,-,-,-,-,-,-,-,-,-,-,
,26,72,37,23,1,0,60,98.36065574,24,39.3442623,1,61,
,27,0,-,-,-,-,-,-,-,-,-,-,
,28,0,-,-,-,-,-,-,-,-,-,-,Dead female
,29,0,-,-,-,-,-,-,-,-,-,-,DNBF
,30,0,-,-,-,-,-,-,-,-,-,-,
,31,0,-,-,-,-,-,-,-,-,-,-,DNBF
,32,0,-,-,-,-,-,-,-,-,-,-,DNBF
,33,0,-,-,-,-,-,-,-,-,-,-,Dead female
,34,0,-,-,-,-,-,-,-,-,-,-,
,35,85,38,36,0,0,74,100,36,48.64864865,0,74,
,36,72,10,12,0,0,22,100,12,54.54545455,0,22,
,37,110,-,-,-,-,-,-,-,-,-,-,Eggs didn't hatch
,38,0,-,-,-,-,-,-,-,-,-,-,
,39,0,-,-,-,-,-,-,-,-,-,-,DNBF
,40,0,-,-,-,-,-,-,-,-,-,-,DNBF
,41,0,-,-,-,-,-,-,-,-,-,-,DNBF
,42,0,-,-,-,-,-,-,-,-,-,-,DNBF
,43,0,-,-,-,-,-,-,-,-,-,-,DNBF
,44,0,-,-,-,-,-,-,-,-,-,-,DNBF
,45,0,-,-,-,-,-,-,-,-,-,-,Dead female
